holiday,holiday1,max,min,mean,std
0,Bukan Holiday,8714,22,4527.104225,1929.013947
1,Holiday,7403,1000,3735.0,2103.35066
